time_ns,n_contacts
0.0,2
0.01,1
0.02,2
0.03,3
0.04,5
0.05,3
0.06,5
0.07,4
0.08,4
0.09,0
0.1,1
0.11,2
0.12,2
0.13,3
0.14,2
0.15,1
0.16,2
0.17,0
0.18,5
0.19,1
0.2,2
0.21,4
0.22,4
0.23,4
0.24,3
0.25,4
0.26,2
0.27,4
0.28,6
0.29,5
0.3,4
0.31,7
0.32,9
0.33,6
0.34,11
0.35,9
0.36,8
0.37,9
0.38,6
0.39,6
0.4,8
0.41,8
0.42,10
0.43,9
0.44,8
0.45,5
0.46,7
0.47,10
0.48,13
0.49,7
0.5,11
0.51,10
0.52,11
0.53,10
0.54,9
0.55,9
0.56,8
0.57,3
0.58,5
0.59,5
0.6,4
0.61,10
0.62,8
0.63,9
0.64,9
0.65,7
0.66,9
0.67,10
0.68,7
0.69,7
0.7,9
0.71,8
0.72,4
0.73,5
0.74,6
0.75,9
0.76,4
0.77,8
0.78,10
0.79,8
0.8,7
0.81,9
0.82,6
0.83,10
0.84,11
0.85,6
0.86,12
0.87,7
0.88,4
0.89,3
0.9,9
0.91,4
0.92,6
0.93,6
0.94,4
0.95,5
0.96,3
0.97,7
0.98,7
0.99,11
1.0,4
1.01,5
1.02,5
1.03,9
1.04,6
1.05,9
1.06,6
1.07,2
1.08,7
1.09,7
1.1,9
1.11,12
1.12,8
1.13,11
1.14,10
1.15,10
1.16,11
1.17,9
1.18,8
1.19,11
1.2,9
1.21,4
1.22,12
1.23,9
1.24,9
1.25,8
1.26,5
1.27,7
1.28,9
1.29,10
1.3,6
1.31,6
1.32,9
1.33,9
1.34,8
1.35,8
1.36,9
1.37,8
1.38,11
1.39,6
1.4,9
1.41,12
1.42,9
1.43,3
1.44,4
1.45,3
1.46,6
1.47,7
1.48,8
1.49,6
1.5,7
1.51,6
1.52,8
1.53,7
1.54,10
1.55,10
1.56,5
1.57,2
1.58,10
1.59,5
1.6,6
1.61,1
1.62,6
1.63,6
1.64,6
1.65,5
1.66,3
1.67,5
1.68,7
1.69,4
1.7,8
1.71,11
1.72,9
1.73,10
1.74,11
1.75,2
1.76,10
1.77,8
1.78,5
1.79,7
1.8,8
1.81,9
1.82,9
1.83,11
1.84,8
1.85,10
1.86,11
1.87,12
1.88,6
1.89,9
1.9,12
1.91,7
1.92,9
1.93,10
1.94,11
1.95,10
1.96,10
1.97,4
1.98,4
1.99,8
2.0,8
2.01,8
2.02,7
2.03,8
2.04,9
2.05,12
2.06,10
2.07,5
2.08,9
2.09,8
2.1,10
2.11,7
2.12,9
2.13,8
2.14,5
2.15,12
2.16,6
2.17,9
2.18,8
2.19,9
2.2,7
2.21,7
2.22,6
2.23,8
2.24,5
2.25,6
2.26,6
2.27,7
2.28,4
2.29,6
2.3,9
2.31,9
2.32,7
2.33,8
2.34,6
2.35,7
2.36,7
2.37,2
2.38,6
2.39,5
2.4,7
2.41,13
2.42,6
2.43,2
2.44,8
2.45,4
2.46,5
2.47,5
2.48,5
2.49,6
2.5,5
2.51,8
2.52,8
2.53,8
2.54,9
2.55,5
2.56,6
2.57,3
2.58,8
2.59,8
2.6,7
2.61,7
2.62,8
2.63,8
2.64,8
2.65,7
2.66,7
2.67,7
2.68,3
2.69,4
2.7,5
2.71,6
2.72,5
2.73,9
2.74,6
2.75,9
2.76,9
2.77,4
2.78,9
2.79,9
2.8,5
2.81,10
2.82,7
2.83,7
2.84,4
2.85,8
2.86,7
2.87,9
2.88,5
2.89,6
2.9,9
2.91,8
2.92,9
2.93,7
2.94,6
2.95,10
2.96,5
2.97,2
2.98,10
2.99,10
3.0,10
3.01,12
3.02,10
3.03,12
3.04,5
3.05,8
3.06,6
3.07,5
3.08,5
3.09,7
3.1,12
3.11,8
3.12,7
3.13,9
3.14,5
3.15,6
3.16,6
3.17,6
3.18,6
3.19,11
3.2,8
3.21,9
3.22,9
3.23,8
3.24,3
3.25,3
3.26,4
3.27,7
3.28,8
3.29,7
3.3,4
3.31,5
3.32,6
3.33,6
3.34,5
3.35,3
3.36,5
3.37,10
3.38,6
3.39,3
3.4,8
3.41,6
3.42,8
3.43,8
3.44,8
3.45,5
3.46,9
3.47,14
3.48,12
3.49,12
3.5,14
3.51,15
3.52,16
3.53,10
3.54,13
3.55,10
3.56,13
3.57,14
3.58,13
3.59,14
3.6,11
3.61,12
3.62,13
3.63,13
3.64,15
3.65,11
3.66,12
3.67,12
3.68,18
3.69,11
3.7,17
3.71,15
3.72,15
3.73,11
3.74,12
3.75,13
3.76,15
3.77,14
3.78,12
3.79,15
3.8,10
3.81,11
3.82,12
3.83,7
3.84,14
3.85,13
3.86,10
3.87,14
3.88,15
3.89,12
3.9,13
3.91,12
3.92,13
3.93,10
3.94,13
3.95,13
3.96,8
3.97,16
3.98,8
3.99,13
4.0,11
4.01,7
4.02,15
4.03,11
4.04,13
4.05,12
4.06,10
4.07,13
4.08,13
4.09,11
4.1,13
4.11,12
4.12,15
4.13,11
4.14,10
4.15,13
4.16,15
4.17,13
4.18,15
4.19,13
4.2,14
4.21,14
4.22,12
4.23,9
4.24,8
4.25,14
4.26,13
4.27,12
4.28,16
4.29,9
4.3,13
4.31,4
4.32,9
4.33,8
4.34,12
4.35,11
4.36,12
4.37,9
4.38,9
4.39,14
4.4,10
4.41,10
4.42,13
4.43,10
4.44,11
4.45,12
4.46,10
4.47,11
4.48,11
4.49,13
4.5,12
4.51,14
4.52,6
4.53,7
4.54,10
4.55,9
4.56,5
4.57,6
4.58,7
4.59,8
4.6,9
4.61,5
4.62,3
4.63,7
4.64,3
4.65,7
4.66,8
4.67,4
4.68,2
4.69,1
4.7,1
4.71,2
4.72,4
4.73,0
4.74,2
4.75,5
4.76,0
4.77,0
4.78,2
4.79,0
4.8,0
4.81,2
4.82,0
4.83,1
4.84,0
4.85,0
4.86,2
4.87,2
4.88,2
4.89,4
4.9,3
4.91,2
4.92,5
4.93,2
4.94,1
4.95,5
4.96,5
4.97,5
4.98,2
4.99,2
5.0,0
5.01,3
5.02,0
5.03,1
5.04,2
5.05,3
5.06,0
5.07,5
5.08,4
5.09,3
5.1,5
5.11,4
5.12,12
5.13,12
5.14,12
5.15,13
5.16,12
5.17,15
5.18,9
5.19,13
5.2,11
5.21,10
5.22,12
5.23,10
5.24,8
5.25,12
5.26,9
5.27,11
5.28,11
5.29,4
5.3,9
5.31,8
5.32,11
5.33,10
5.34,15
5.35,14
5.36,18
5.37,12
5.38,12
5.39,10
5.4,10
5.41,10
5.42,11
5.43,9
5.44,12
5.45,12
5.46,11
5.47,9
5.48,8
5.49,12
5.5,12
5.51,0
5.52,0
5.53,0
5.54,0
5.55,10
5.56,14
5.57,10
5.58,13
5.59,0
5.6,7
5.61,5
5.62,0
5.63,0
5.64,0
5.65,10
5.66,7
5.67,10
5.68,11
5.69,9
5.7,9
5.71,9
5.72,5
5.73,9
5.74,8
5.75,11
5.76,11
5.77,9
5.78,10
5.79,10
5.8,7
5.81,9
5.82,7
5.83,9
5.84,8
5.85,9
5.86,6
5.87,10
5.88,9
5.89,11
5.9,9
5.91,4
5.92,8
5.93,7
5.94,12
5.95,11
5.96,5
5.97,8
5.98,9
5.99,9
6.0,9
6.01,10
6.02,10
6.03,5
6.04,8
6.05,8
6.06,9
6.07,9
6.08,8
6.09,0
6.1,0
6.11,7
6.12,6
6.13,7
6.14,10
6.15,9
6.16,10
6.17,11
6.18,25
6.19,16
6.2,22
6.21,11
6.22,23
6.23,25
6.24,14
6.25,12
6.26,16
6.27,13
6.28,20
6.29,7
6.3,7
6.31,9
6.32,9
6.33,10
6.34,9
6.35,10
6.36,9
6.37,10
6.38,9
6.39,3
6.4,9
6.41,9
6.42,9
6.43,10
6.44,6
6.45,10
6.46,10
6.47,5
6.48,5
6.49,5
6.5,9
6.51,9
6.52,0
6.53,0
6.54,9
6.55,0
6.56,10
6.57,0
6.58,0
6.59,8
6.6,0
6.61,5
6.62,9
6.63,10
6.64,10
6.65,10
6.66,11
6.67,11
6.68,5
6.69,10
6.7,10
6.71,7
6.72,12
6.73,28
6.74,31
6.75,40
6.76,28
6.77,37
6.78,33
6.79,30
6.8,25
6.81,25
6.82,26
6.83,22
6.84,25
6.85,17
6.86,17
6.87,13
6.88,19
6.89,16
6.9,16
6.91,18
6.92,14
6.93,16
6.94,12
6.95,15
6.96,19
6.97,15
6.98,14
6.99,15
7.0,17
7.01,16
7.02,15
7.03,10
7.04,13
7.05,15
7.06,17
7.07,16
7.08,16
7.09,17
7.1,11
7.11,14
7.12,11
7.13,14
7.14,7
7.15,12
7.16,16
7.17,11
7.18,12
7.19,11
7.2,16
7.21,11
7.22,14
7.23,11
7.24,6
7.25,13
7.26,10
7.27,10
7.28,12
7.29,7
7.3,12
7.31,9
7.32,11
7.33,16
7.34,13
7.35,7
7.36,5
7.37,4
7.38,4
7.39,8
7.4,10
7.41,10
7.42,11
7.43,13
7.44,18
7.45,8
7.46,15
7.47,13
7.48,14
7.49,12
7.5,10
7.51,14
7.52,11
7.53,12
7.54,14
7.55,13
7.56,10
7.57,15
7.58,12
7.59,16
7.6,14
7.61,8
7.62,13
7.63,9
7.64,6
7.65,3
7.66,12
7.67,14
7.68,14
7.69,10
7.7,14
7.71,11
7.72,14
7.73,16
7.74,9
7.75,9
7.76,8
7.77,7
7.78,9
7.79,10
7.8,10
7.81,6
7.82,10
7.83,3
7.84,8
7.85,8
7.86,10
7.87,10
7.88,10
7.89,4
7.9,9
7.91,9
7.92,10
7.93,7
7.94,9
7.95,10
7.96,9
7.97,9
7.98,10
7.99,10
8.0,12
8.01,10
8.02,9
8.03,7
8.04,4
8.05,9
8.06,8
8.07,7
8.08,10
8.09,10
8.1,10
8.11,10
8.12,9
8.13,9
8.14,5
8.15,9
8.16,10
8.17,6
8.18,10
8.19,6
8.2,9
8.21,4
8.22,10
8.23,8
8.24,4
8.25,10
8.26,10
8.27,10
8.28,10
8.29,9
8.3,10
8.31,9
8.32,8
8.33,9
8.34,9
8.35,10
8.36,10
8.37,9
8.38,10
8.39,8
8.4,8
8.41,10
8.42,10
8.43,10
8.44,10
8.45,7
8.46,6
8.47,5
8.48,5
8.49,10
8.5,8
8.51,10
8.52,10
8.53,10
8.54,10
8.55,8
8.56,10
8.57,8
8.58,10
8.59,10
8.6,8
8.61,8
8.62,7
8.63,4
8.64,9
8.65,8
8.66,9
8.67,8
8.68,10
8.69,10
8.7,10
8.71,4
8.72,8
8.73,10
8.74,10
8.75,10
8.76,8
8.77,10
8.78,8
8.79,6
8.8,10
8.81,4
8.82,10
8.83,4
8.84,9
8.85,10
8.86,10
8.87,9
8.88,9
8.89,12
8.9,11
8.91,12
8.92,12
8.93,11
8.94,10
8.95,12
8.96,12
8.97,3
8.98,13
8.99,13
9.0,10
9.01,11
9.02,10
9.03,6
9.04,11
9.05,11
9.06,13
9.07,10
9.08,9
9.09,10
9.1,8
9.11,9
9.12,10
9.13,9
9.14,10
9.15,4
9.16,9
9.17,9
9.18,10
9.19,6
9.2,8
9.21,8
9.22,9
9.23,9
9.24,9
9.25,8
9.26,8
9.27,8
9.28,7
9.29,9
9.3,10
9.31,11
9.32,10
9.33,6
9.34,7
9.35,6
9.36,8
9.37,5
9.38,10
9.39,10
9.4,9
9.41,10
9.42,11
9.43,10
9.44,10
9.45,5
9.46,6
9.47,14
9.48,10
9.49,10
9.5,10
9.51,10
9.52,9
9.53,8
9.54,10
9.55,10
9.56,10
9.57,10
9.58,12
9.59,7
9.6,11
9.61,9
9.62,10
9.63,8
9.64,10
9.65,4
9.66,15
9.67,11
9.68,10
9.69,5
9.7,10
9.71,7
9.72,9
9.73,10
9.74,9
9.75,6
9.76,10
9.77,8
9.78,8
9.79,8
9.8,4
9.81,10
9.82,8
9.83,8
9.84,9
9.85,9
9.86,8
9.87,10
9.88,10
9.89,8
9.9,9
9.91,4
9.92,10
9.93,10
9.94,10
9.95,5
9.96,10
9.97,5
9.98,10
9.99,10
10.0,10
10.01,11
10.02,9
10.03,8
10.04,10
10.05,10
10.06,10
10.07,9
10.08,5
10.09,9
10.1,10
10.11,10
10.12,9
10.13,11
10.14,11
10.15,13
10.16,12
10.17,11
10.18,13
10.19,13
10.2,7
10.21,12
10.22,12
10.23,13
10.24,13
10.25,15
10.26,8
10.27,15
10.28,18
10.29,11
10.3,14
10.31,13
10.32,8
10.33,11
10.34,12
10.35,14
10.36,17
10.37,10
10.38,5
10.39,17
10.4,14
10.41,13
10.42,18
10.43,10
10.44,6
10.45,9
10.46,13
10.47,13
10.48,15
10.49,12
10.5,13
10.51,13
10.52,13
10.53,12
10.54,14
10.55,8
10.56,9
10.57,14
10.58,10
10.59,11
10.6,10
10.61,14
10.62,11
10.63,13
10.64,11
10.65,14
10.66,12
10.67,10
10.68,7
10.69,14
10.7,9
10.71,8
10.72,16
10.73,13
