time_ns,backbone_rmsd_A,ligand_rmsd_A
3.32,1.4635423613158131e-06,0.0
3.33,1.0596189881335503,3.9906825016782865
3.34,1.2671166011004324,4.344438188387576
3.35,1.2783630643928554,4.43929750164294
3.36,1.6837248301983445,5.291739848439075
3.37,1.5127170080679504,5.516850703969072
3.38,1.6250464512588736,5.390810781880405
3.39,1.6998592843036358,5.100938774554516
3.4,1.804102731835185,5.16794181991947
3.41,2.1843962410987388,4.342496165360719
3.42,2.282898486126881,5.7948237748521
3.43,2.4902962122799157,4.868481153394839
3.44,2.6979831981558435,4.9320836294905375
3.45,2.9280551579063916,4.938741825655835
3.46,3.1602995128234097,4.470593442482287
3.47,3.0526423712705624,5.446947668154598
3.48,3.3005244084612992,6.3090037248137945
3.49,3.5148886472800616,5.889537140936397
3.5,3.609448033649196,4.261897834414476
3.51,3.6425153050453742,3.7197405036905846
3.52,3.6617300483860094,4.744966325983909
3.53,3.7839841018417575,4.986699238797485
3.54,3.643727238267954,6.097180754222059
3.55,3.7681873527255223,7.2557641670668405
3.56,3.688472670983783,7.714159962090749
3.57,4.000839413078441,6.832089929340492
3.58,4.204801026890514,4.77670720717475
3.59,4.290351875752247,5.653073586500257
3.6,4.222869871427805,5.519919201444726
3.61,3.9874507749844903,4.6975274216904745
3.62,4.120448528202037,5.47641817992674
3.63,4.155599789621583,4.878505369470896
3.64,4.462668513219712,5.758844076102124
3.65,4.5239449703443215,6.321404130836893
3.66,4.61396414156757,6.294154510887982
3.67,4.675901863619846,6.074805881009662
3.68,5.006117847395491,5.954774214901029
3.69,5.11040608567735,7.113786014429064
3.7,5.084743516744621,5.798118414840268
3.71,4.819121706559465,4.939416927519691
3.72,4.678982503978066,5.8444613401813585
3.73,4.736955119266324,5.83163661480102
3.74,4.788869886587522,6.4620854551876
3.75,4.6110155595961215,6.909404844643558
3.76,4.609037997909132,6.195879553637857
3.77,4.46960547983578,5.766244711646421
3.78,4.690071566816256,6.122798774277649
3.79,4.7966062682990716,5.838388312281976
3.8,4.985770249542222,6.529912234428083
3.81,5.298194584136819,6.954558658835521
3.82,5.057426293012094,6.181642518908792
3.83,4.941423749179011,6.140807892448945
3.84,5.0536676222404795,5.9524395331865305
3.85,5.462701554689413,6.965904673219508
3.86,5.533323580725674,7.533124864854917
3.87,5.812734616571091,6.841740306476759
3.88,6.116659301731796,7.279328896472083
3.89,6.26634377508007,5.765365767518741
3.9,6.288751536872113,7.568626002724724
3.91,6.771676528866395,8.113747341566302
3.92,6.716957392891133,9.672157010564824
3.93,6.637451190103012,9.041499611051984
3.94,6.677450574077724,8.529883154419778
3.95,6.57007324257551,8.39969429929072
3.96,6.12480386483217,9.434103384192033
3.97,6.147762960996569,9.013892127844322
3.98,6.240055965656263,7.955832126637371
3.99,6.4125826597131566,8.614884842180418
4.0,6.394768916920131,8.015708523020185
4.01,6.34986367568358,9.328914853900018
4.02,6.496880657725676,8.506146156177882
4.03,6.34913978252986,9.112634282547347
4.04,6.350026490594596,8.841057603895294
4.05,6.518042681848114,9.419357483495274
4.06,6.71463867760738,8.240159207106268
4.07,6.505140545982622,8.604986208176259
4.08,6.020639895104839,8.65103405456357
4.09,6.0084106672084445,8.08472116174573
4.1,6.43365402382762,8.080158968615331
4.11,6.328443039825191,7.962393428542384
4.12,6.289704444284604,6.934905691586099
4.13,6.22952845636113,6.6479291978781445
4.14,6.430000406424552,7.08124524978182
4.15,6.404330491644127,7.188480441266367
4.16,6.919912336084044,5.7890626375486285
4.17,6.6134478272509325,6.892318237529651
4.18,6.691870859439112,7.620460602445256
4.19,6.757747081304113,7.469095635385138
4.2,6.678348597297416,8.431512086284293
4.21,6.4333275763372875,7.837131554553363
4.22,6.241150477576195,7.489808844305501
4.23,6.287863574784903,7.434629046336029
4.24,6.6194150054089205,8.327347532078205
4.25,6.738745311760545,8.075336911647199
4.26,6.551409062579992,7.988753673448215
4.27,6.62765071821284,8.538150384386109
4.28,7.103814607673521,7.784841124947778
4.29,7.184444906005693,7.377226388915739
4.3,7.121355385461898,7.282786543915648
4.31,7.2635031954740406,6.7025700659378575
4.32,7.168659819409348,6.479110165610529
4.33,7.3856809993500505,5.937169803680956
4.34,7.687350707634907,6.119951095740206
4.35,8.036993887476205,5.845435957222308
4.36,8.055751316765827,5.70128220990221
4.37,7.766860252770374,6.624200442585133
4.38,8.054454586737508,6.198182172279514
4.39,8.407429824760433,5.862063192491373
4.4,8.41701837934364,5.048235322891836
4.41,8.433380329156513,5.184935888365363
4.42,8.7985932387768,6.258236366837047
4.43,8.845159960025661,6.066773308146103
4.44,9.04477980285627,7.202850420165809
4.45,8.666586400614236,7.535679355409874
4.46,8.477545783044048,7.12932653627184
4.47,8.243314831669844,7.15628472398885
4.48,8.133397406564141,8.004994961186538
4.49,8.237679833866222,7.420530169453131
4.5,8.321536673503198,8.671861365349178
4.51,8.591877333387195,7.865305428542296
4.52,8.20754233878377,7.9847338693873375
4.53,8.278412640413361,7.500285658805224
4.54,8.416375468394968,8.034409482223692
4.55,8.34769998088545,7.406322792027253
4.56,8.400686587692315,7.365897550761552
4.57,8.431152107310195,8.073806502913174
4.58,8.238103819339264,8.954620867636965
4.59,8.23824904729097,9.125677079195283
4.6,8.105875662425174,9.197108298671134
4.61,7.921337870860786,9.643921249449239
4.62,8.134375894006762,9.104243736810155
4.63,8.023337528541914,9.58693898898711
4.64,7.989363853652815,8.413433845170475
4.65,8.168990261184472,10.086109950174938
4.66,7.8721183649389745,8.676044356292678
4.67,7.445538701483711,9.50642819394956
4.68,7.450148168490932,10.7614690927093
4.69,7.4864203072196265,11.47324771128746
4.7,7.215259821228334,11.624337888128736
4.71,7.019709250556592,10.77174709485731
4.72,7.309705814723718,9.897600159127787
4.73,7.548209134032267,9.443660428481586
4.74,7.609749026135587,9.042328883621032
4.75,7.46792173088675,8.113409244786151
4.76,7.361155659261047,8.97010872638443
4.77,7.568584962152871,8.131942239569124
4.78,7.733104349890654,8.182505045103575
4.79,7.623965919686916,9.337936585284304
4.8,7.467262371710187,8.268316259850415
4.81,7.316408478564606,9.4533198603584
4.82,7.198059641017347,10.588124124661885
4.83,7.213578044739604,9.15404845780127
4.84,7.382041389641474,10.532893871390872
4.85,7.727106300291744,9.809691063432389
4.86,7.7812269918729475,10.348064809742986
4.87,7.69249743552625,10.66576957286071
4.88,8.1784429151263,10.396839923660842
4.89,8.204990236190936,11.16254229587678
4.9,8.701155330016975,10.954093732138979
4.91,8.674637684178157,11.694242164894094
4.92,8.704384577792169,12.337375916815063
4.93,8.717928279271097,12.400813029156241
4.94,8.686479092992897,11.296795511415308
4.95,8.855953560003707,11.245756749759083
4.96,8.952497092189535,11.998609864634348
4.97,9.315260439057795,12.111785842706006
4.98,9.480739279227498,11.59269426725882
4.99,9.62310814178515,11.671944491103694
5.0,9.53278863924216,11.06540715096295
5.01,9.705749525320105,13.770739521307867
5.02,9.775762542370348,13.310066030714909
5.03,9.863232859041402,13.47301269297043
5.04,10.08174302824831,13.935877221816241
5.05,10.035150787914114,12.691668022009468
5.06,10.237003966743385,12.855676717041566
5.07,10.2851909294864,12.102276753922908
5.08,10.419058462338052,12.958957891178626
5.09,10.625524426799076,12.643338781740598
5.1,10.929710761201063,14.923358039912316
5.11,11.019212664310018,13.565999208150238
5.12,11.19934069340311,13.78271163106342
5.13,11.088186084868777,12.759501057486627
5.14,11.165157455503648,13.440580806687022
5.15,10.77561455210942,13.109376337765442
5.16,10.856384260549422,13.16676877246873
5.17,10.83498154216661,14.294862086987674
5.18,10.999799080607414,13.138799351011324
5.19,11.20391735151797,13.22477917277181
5.2,11.433045757089879,13.000532169902971
5.21,11.350867366465506,12.523543697578363
5.22,11.436981505585761,12.661131329187262
5.23,11.537979598622172,12.83064331952646
5.24,11.841442273522308,14.233839339552167
5.25,11.546879902788016,13.795597282052668
5.26,11.482274200756533,15.048349494393413
5.27,11.424005425217267,15.689596096180297
5.28,11.5987060162584,15.644229925677237
5.29,11.469705657686893,13.758108710605288
5.3,11.341649200559162,13.490435444991359
5.31,11.239007868424217,13.39247685979802
5.32,11.178917163809647,12.841561671715533
5.33,11.018040058331326,12.044299897329303
5.34,11.079102519133334,12.707231610912105
5.35,11.014912593138366,13.282643836760093
5.36,10.97846139785047,12.729959253057645
5.37,11.07788864712374,13.131957277180037
5.38,11.071762731878446,13.851690996834803
5.39,10.74804071976833,12.953303313852567
5.4,10.782081398937027,13.061951415110158
5.41,10.876278512724989,11.99264372867644
5.42,10.969721067750642,12.309639128775386
5.43,10.811844957212164,12.811790466820671
5.44,11.143923002816285,12.902694801987915
5.45,11.1548027722539,12.888590271733504
5.46,11.657001525451552,13.547706840724999
5.47,11.827855441728078,13.947286560455355
5.48,11.717465472439446,13.105902014825066
5.49,11.324901555384432,13.617599809412527
5.5,11.143351401165027,11.937968417322775
5.51,11.270191583804607,11.010994284718437
5.52,11.24366156423931,11.85753818575698
5.53,11.309244609026365,10.24722825740986
5.54,11.483424615931403,11.407612136741704
5.55,11.481299420987568,10.84938070127315
5.56,11.362542769919253,12.097650324785905
5.57,11.206620982281622,11.214686156459742
5.58,11.084601959008074,10.590031563348294
5.59,11.221046687343003,10.988512638455344
5.6,11.328160857431218,11.1375374880233
5.61,11.666475062418266,11.38574665380279
5.62,11.884501210243714,10.489981853206698
5.63,12.215016112403523,11.107835752089201
5.64,12.55076326624484,11.348735590753774
5.65,12.370216786547418,11.700366823385933
5.66,12.100265733049255,10.990974191102456
5.67,12.064632929498128,10.737466498761409
5.68,11.965934108050233,11.368424304082794
5.69,11.79326775431821,12.089326736014792
5.7,11.670302294849899,12.473761584414527
5.71,11.647844883325167,12.385940709141995
5.72,11.674896703603025,11.97909894426074
5.73,11.636606928380022,12.714758613588112
5.74,11.627238520439267,11.66479831847491
5.75,11.81240100568322,13.190254728246638
5.76,11.965415007606463,12.068844816728523
5.77,11.951490629431925,12.025315918988706
5.78,11.924487009877726,11.991269436864576
5.79,12.12826967243799,12.268012529525311
5.8,11.79293554995222,12.463223868277934
5.81,11.716250114145968,11.336520406573092
5.82,11.618608458188357,10.823793195685754
5.83,11.409633766818981,10.568968517054865
5.84,11.563845370213784,11.159551604152687
5.85,11.618142077982794,11.365607738160072
5.86,11.72258993672769,11.503692430143813
5.87,12.170722741092504,13.605766414099687
5.88,12.102270811134506,13.331152094204127
5.89,12.182717153904404,13.793281137713338
5.9,11.799469180719417,11.186133894914533
5.91,11.831523230255078,9.768625360382616
5.92,11.929462774329075,8.574322520201168
5.93,11.364217415652536,8.369719697782617
5.94,11.470489367332924,8.829844486449616
5.95,11.66417345110141,9.52053273103596
5.96,12.170539282294389,10.543046225269737
5.97,12.041285875863876,11.357025185970128
5.98,11.755444904097587,10.722277001320828
5.99,11.963825947215557,11.266075563397502
6.0,12.321233835095393,11.868385641164828
6.01,12.534485607392668,11.740939886723627
6.02,12.685822370730206,11.543812267077204
6.03,12.657984548800657,11.132586368339647
6.04,12.280813384690632,12.192566012478874
6.05,12.231561855963921,12.872035975333121
6.06,12.09141987630967,13.7067005984355
6.07,11.802797246480473,13.844467904545455
6.08,11.467266392257484,12.05927420318687
6.09,11.379209853331705,12.151449157774138
6.1,11.561062466564458,11.666676084719597
6.11,11.644371474559584,10.309227260622192
6.12,11.898742944300935,11.685835231466793
6.13,11.7829227961314,11.477457234761701
6.14,11.615923152923559,10.79379709745009
6.15,11.51198778890825,9.736872458856231
6.16,11.318287503688987,9.578183822999879
6.17,11.266609628670846,9.963872240696844
6.18,10.98037132693902,10.175177743005497
6.19,11.11824519786393,10.345091364265125
6.2,11.41816579337671,9.653798688930811
6.21,11.671091777766117,10.244609729875174
6.22,11.968439960141739,9.381868865066838
6.23,11.907299021435758,9.76591227224413
6.24,12.1766948468263,10.22850849315242
6.25,12.339100566873139,10.096074558630725
6.26,12.257033648136014,10.042922168776524
6.27,12.098448338387039,9.379000755034891
6.28,12.090883853613137,10.021929758341306
6.29,11.980183784195068,10.111044542330111
6.3,11.62376375786198,9.125713046844629
6.31,11.628765966205355,8.503730696689466
6.32,11.481430270317219,8.803916479101307
6.33,11.281083051059579,8.843787384757904
6.34,11.12900814400324,9.582425206478755
6.35,10.895155225494673,9.937128656825976
6.36,10.670418289564804,9.787469214171166
6.37,10.460634005224268,10.623838029685468
6.38,10.26698226048801,10.33095431492187
6.39,10.261586377762935,10.999155322748361
6.4,10.677993358966706,10.402885148568387
6.41,11.04891048461333,10.413086989886224
6.42,11.143214453423141,11.445094633491069
6.43,11.35973527389031,11.798728236936444
6.44,11.418242211104959,11.839126316938698
6.45,11.547232701476014,11.962655433520256
6.46,11.67845650192861,11.655660355929447
6.47,11.846691609210946,11.581044913643886
6.48,11.840093520766425,9.652195431821397
6.49,11.864200150326528,10.184576525822175
6.5,11.842515414201474,9.76833729365562
6.51,11.705422783259383,9.191960755468974
6.52,11.939693175523786,9.529328508503653
6.53,12.257642952270048,10.19464105093404
6.54,12.094812837293022,9.566502284918213
6.55,12.431386393429237,8.100536287032073
6.56,12.715669691481652,9.658980031382157
6.57,13.008967749786748,8.912906089159804
6.58,12.867461199108918,9.637867332767986
6.59,12.446614542532885,8.434864085692974
6.6,12.088043189932119,8.346413122972402
6.61,11.764696204552475,8.451223736274734
6.62,11.857652749879561,7.769661214458792
6.63,11.908973887534653,8.459259945533905
6.64,11.782875350127691,9.701236360375113
6.65,11.97984345893033,9.369147706073626
6.66,12.256649194333264,8.662475528088828
6.67,12.10386922241927,9.678660520142246
6.68,12.3263775795828,8.784136214975392
6.69,12.174952285416676,8.198642138523484
6.7,11.95697650481913,9.58329929017086
6.71,11.909039311385866,10.835748388665325
6.72,12.2872485351492,10.257531258131209
6.73,12.258875782644045,11.257153861319152
6.74,12.101015504480896,12.728257173389084
6.75,12.097155395285588,13.35035035010784
6.76,11.864904171214993,11.494266956424235
6.77,11.726720769918073,12.222480860085797
6.78,11.855907018893589,15.342195569960504
6.79,11.612746103111727,13.881983401197296
6.8,11.455315098387151,14.573698423513253
6.81,11.890076472507756,14.08132295653136
6.82,11.825035632028431,13.420822129445423
6.83,11.646565775712386,12.810361597307574
6.84,11.611755340343745,13.179620089540403
6.85,11.394075702854188,12.587356352513748
6.86,11.56572368211839,12.520576996756589
6.87,11.539851832458194,13.452962976349049
6.88,11.57026554866511,12.967210793167236
6.89,11.889290576128092,13.87617731489889
6.9,11.888486507790736,13.605907669668992
6.91,12.18463941696175,14.006054615363967
6.92,11.98819502207858,14.935882993617037
6.93,11.905120580210866,13.95895117326074
6.94,11.773267147941427,13.551846210738749
6.95,11.973900540585879,13.337415320698423
6.96,12.102968925250567,13.733885536202076
6.97,12.198377890597929,13.987780838875304
6.98,12.649672129042564,13.922840008491569
6.99,12.536930722148298,13.64678613945211
7.0,12.14501995579576,13.156501567158221
7.01,12.283955800601635,11.886378180324234
7.02,12.337395007417687,12.487621151737255
7.03,12.639218913865376,12.171882957477766
7.04,12.28070419666194,11.906879821585958
7.05,11.936518180096847,12.093031557250114
7.06,12.150113859640042,13.182614089917596
7.07,12.12260715350442,12.126150969282842
7.08,12.063983910503163,13.063693912429374
7.09,12.318940988165659,12.459397404590044
7.1,12.334206778106054,12.68256246529152
7.11,12.573676081660285,13.334269129633057
7.12,12.683585490974368,13.016043714914629
7.13,12.988673796991362,13.384444261204552
7.14,13.285251468223416,13.023377148070091
7.15,12.999110954642992,13.324207159671593
7.16,13.34387353603204,14.109637110332299
7.17,13.787847951338692,14.44137693496249
7.18,13.931256169189236,15.485620468388138
7.19,13.691421464697857,14.890714624490279
7.2,13.523014151706564,14.59811096329884
7.21,13.704219987333753,14.88450592264454
7.22,13.60173957671759,15.018776978729194
7.23,13.414352483575808,14.242623123293557
7.24,13.35037483734709,13.659227664807508
7.25,13.537500324392125,13.995731447287456
7.26,14.25166475887493,14.747016511059874
7.27,14.556253068094414,15.490572960502655
7.28,14.80559742672856,16.071023228672086
7.29,14.84260433135324,15.909279603471873
7.3,15.234222271731374,15.785366952540206
7.31,15.386221609098168,15.473438591047666
7.32,15.410071791824205,16.198499585271655
7.33,15.29236307085492,15.831791466254243
7.34,15.063199273113417,16.67197475645211
7.35,15.252742687024242,16.92543812082746
7.36,15.032332763916202,16.312780042394856
7.37,15.070192239970943,16.099689419289334
7.38,15.371521767812471,16.73569379429392
7.39,15.39125448033194,15.906335246731578
7.4,15.419652426481923,16.16799447574009
7.41,15.616681467702676,16.51358538479576
7.42,16.38223033143979,16.80512603052848
7.43,16.82803890130517,17.563797050912047
7.44,16.93125946911822,16.8067561169641
7.45,17.49008544385272,17.589258015093787
7.46,17.678673947702027,17.69799362095925
7.47,17.41150787323546,17.782671846990382
7.48,16.965194511484256,16.973110695377677
7.49,16.889196039619744,17.619570504478244
7.5,16.959878251365247,17.69368443467974
7.51,17.13432294727301,17.845433600605865
7.52,17.14293556245427,18.025198289414572
7.53,17.292068609029425,18.44228233717648
7.54,17.18862519082696,17.742962885881226
7.55,17.049857970156427,17.024544905136484
7.56,16.889361316314716,16.823428060222184
7.57,16.661144353750203,16.786301168866164
7.58,16.55116676208948,16.772212526422106
7.59,16.492438716510744,17.113522691953683
7.6,16.17397242742681,16.45031577279769
7.61,15.820052440872256,14.757064919392148
7.62,15.679205512980449,13.844548990263249
7.63,15.284221499295892,12.390480394022317
7.64,15.163741789866176,14.768266943530087
7.65,14.909309015069844,14.74748283262339
7.66,14.853771601476994,12.322030971573893
7.67,14.935616505357553,13.28235116995287
7.68,15.244999629026209,13.194980648954743
7.69,15.625957689853536,14.65226104000837
7.7,15.762655977540067,14.037278172035665
7.71,16.033280404170892,14.821249028039416
7.72,16.18801100264567,14.718690698663586
7.73,15.865812945079096,15.326282436063412
7.74,15.561698530242547,14.056736381733637
7.75,15.457195919115199,13.442213096040483
7.76,15.52707615980816,13.344421326762593
7.77,15.61203556029834,14.031472147655949
7.78,15.45845163470961,14.557394562371572
7.79,15.093694209942317,13.855370166970983
7.8,15.046757249106307,12.354061307039451
7.81,15.393526734308503,11.919105089759269
7.82,15.497206075248563,12.65069844563532
7.83,15.581596262742861,13.031270057192959
7.84,15.36426968191314,14.411537340181262
7.85,15.140093377941703,12.91103281166949
7.86,14.843820782399838,12.129066979843902
7.87,14.771689679164536,11.475719735000197
7.88,14.944699365528464,11.936155270111717
7.89,15.150022190303915,11.26515845221142
7.9,14.943304332335913,11.467644727994685
7.91,15.160517428001326,11.312968124432032
7.92,15.134793275485588,10.270425799218431
7.93,15.262280310342991,10.529774598215756
7.94,15.262984323488821,10.784970626650734
7.95,15.308037813583901,10.013730061899107
7.96,15.43350676912318,11.625498292648636
7.97,15.363917332266253,11.707312251336385
7.98,15.399160612964693,9.597665182392792
7.99,15.515198346218247,11.278874591222054
8.0,15.498560751793622,11.38718297814196
8.01,15.156366820210605,11.534176908195363
8.02,15.367885127245435,11.484719233486947
8.03,15.124198412889575,12.462295459247072
8.04,15.118279031163418,11.940505296831963
8.05,15.046496552510142,12.841023274323558
8.06,15.026290361311927,13.226971109219146
8.07,14.9454019194136,12.653804440340256
8.08,14.624244654579348,13.506137355741767
8.09,14.426498116762815,12.74888264357165
8.1,14.173012357394096,11.99329371366778
8.11,14.052550000882476,13.274389548308081
8.12,13.952981566676131,10.709307788115238
8.13,13.885273874257255,12.037000494383745
8.14,13.226836338132092,11.06465017059848
8.15,13.18905722669979,11.355744966317797
8.16,13.40114332724795,10.721326099756533
8.17,13.930009902209092,10.860569043312719
8.18,14.026822047887752,11.956002076392847
8.19,14.090721798255055,13.83695652533117
8.2,14.3724152046215,13.734078818723603
8.21,14.423992171255453,12.660022065003888
8.22,14.901991127216732,14.224377910954738
8.23,15.107120862510548,15.18482666459532
8.24,15.04076669659589,15.419964583025552
8.25,15.245076883320207,16.948022089383116
8.26,15.370700048598502,16.022039672684787
8.27,15.206939223267879,14.528290562141503
8.28,15.08914141544052,14.67974143164916
8.29,15.220751684160131,15.929848097806456
8.3,15.733333778204978,17.366066842888642
8.31,16.17310536301746,19.14442973295461
8.32,16.689688861795737,19.048513967575765
8.33,16.486225803986404,19.31682013337049
8.34,16.44774640779673,20.37368573342963
8.35,17.03110360575025,20.13877248349665
8.36,16.984553419933935,21.182707925360038
8.37,16.85307576210742,21.2905146713496
8.38,16.96032114866254,21.451841792653198
8.39,16.823417162822892,21.676856261190075
8.4,17.173606789379633,19.83845338948012
8.41,17.24841603506477,21.235543491247686
8.42,17.172077828332554,21.37225835538533
8.43,17.077227283994652,20.932420101882084
8.44,17.337388099453122,22.10983273478876
8.45,17.56547445576156,21.694650172595512
8.46,17.90400316773704,21.530186336520753
8.47,17.571222465057303,20.783741222145732
8.48,17.649919880629387,21.137838643974057
8.49,17.301375458239388,21.347501538727435
8.5,17.37740971327744,21.48809205963542
8.51,17.155087941871468,22.07258110535967
8.52,16.576825111836847,22.814314751890276
8.53,16.451861122449856,21.94584554705105
8.54,16.5181798742315,21.963507523118487
8.55,16.407851603146796,21.74432013070594
8.56,16.57413212634539,22.186064177410486
8.57,16.632305404263807,22.16728746796204
8.58,17.148799532760393,22.20216534990696
8.59,17.337899736846563,21.26282701087144
8.6,17.7288732358329,21.63737617154054
8.61,17.49522213480197,21.144339031845142
8.62,17.152523640534262,19.83908201543497
8.63,17.01818719072796,21.048968100550564
8.64,17.31399842391664,20.42034789164059
8.65,17.642219404113963,20.078533820647994
8.66,17.95145438795927,20.157648656068226
8.67,18.295892447924487,20.459021484486374
8.68,18.35353023377102,21.42577440629912
8.69,18.325893353787574,22.183879936018986
8.7,18.50406858226676,21.623437962053604
8.71,18.55046368293531,23.100343944777258
8.72,18.95320069937633,22.30436768087193
8.73,18.860225501636958,20.875462539511407
8.74,18.955489914970773,20.719965269136168
8.75,19.09241004171162,21.43767006258635
8.76,19.0739699234681,22.933248905210657
8.77,19.078836804282222,24.017234115689014
8.78,19.082969041418718,23.838608954030565
8.79,19.14417061222332,23.32566958459666
8.8,19.05767548055108,24.514046223291484
8.81,19.372492705746282,24.086914936656505
8.82,19.737835746689314,24.585574038567838
8.83,19.92849921298139,121.89148078105251
8.84,19.915092483031696,122.47560191105939
8.85,19.996830556780832,122.49358594166095
8.86,20.02816805455268,122.94388907065259
8.87,19.451549930742825,24.406198019469343
8.88,18.903530941563364,23.40470467321329
8.89,18.692275267732207,23.867300819655522
8.9,18.331438326722957,24.61884548763306
8.91,17.734735610043693,122.76452066137033
8.92,17.415129008016113,22.07189515589172
8.93,17.600309272766918,21.688249454496464
8.94,17.65657572678894,123.80111125139423
8.95,17.68394242921326,122.89981294409343
8.96,17.517721464128357,123.26249731795461
8.97,17.400237173365028,24.069362352721548
8.98,17.433218267329575,22.40486837691624
8.99,17.3713253256991,23.382352283910805
9.0,17.687239137479885,23.20594232260203
9.01,17.92344983515401,23.23536953590185
9.02,18.33800009889216,23.036565078030073
9.03,18.52986322018732,23.158523535072888
9.04,18.721315699165288,23.355501647100034
9.05,18.977572786915037,22.742827432024473
9.06,18.99349308199787,22.135603762027678
9.07,19.194803123514593,21.655003694155145
9.08,18.984902418259004,21.676136785404747
9.09,19.038247366265296,21.154041331390907
9.1,19.250271863561338,21.106281837093235
9.11,19.023347478391475,20.561071572892754
9.12,18.626354173741355,21.464198260795627
9.13,18.601592306972577,20.179748455173215
9.14,18.609024790640778,21.483088871172857
9.15,18.74440287307713,21.298513767228854
9.16,18.958493551583036,20.023245885592715
9.17,19.09236858906382,19.982312513650427
9.18,19.05885901613579,19.513385598456438
9.19,19.296772671772082,19.978178855213372
9.2,19.133211555091062,20.140991534698596
9.21,19.481723140195296,19.72496976825986
9.22,19.677492099506342,18.96169508810063
9.23,19.455928772117367,21.09458073239723
9.24,19.26600657893128,19.08298500252802
9.25,19.565298515216274,19.331453974380295
9.26,19.31053781424893,18.296795190747673
9.27,19.78090442798679,19.531227217348196
9.28,19.87941368889615,20.550889236130338
9.29,19.84715964304855,21.121488647609425
9.3,20.178466430166857,22.521301832245726
9.31,20.406651093639553,21.990270513484255
9.32,20.405370536208178,22.121124871490533
9.33,20.380688178481346,23.219215242298826
9.34,20.08474657667913,23.615620465597242
9.35,20.386162385434567,24.46866242506701
9.36,20.910889185897734,25.540913000509068
9.37,21.144833309107394,24.887584593254395
9.38,21.64001943016259,25.46970116798301
9.39,21.94421266915659,25.435311982754758
9.4,21.905354066790153,24.67261438578881
9.41,21.797892838370892,118.70658438156818
9.42,21.892364172674533,120.8209233269095
9.43,22.008446689862424,24.723556862165115
9.44,22.203413733246414,25.954171148389847
9.45,22.62567528543565,24.611814230484654
9.46,22.44538989805757,26.234424833609648
9.47,22.61482608287762,26.623822375052253
9.48,22.03436381282382,27.258100815136043
9.49,21.97389327783661,25.707507660279305
9.5,21.957419069890914,24.348207665941842
9.51,21.902991987059472,25.516211285956686
9.52,21.861782663532846,23.796632825107494
9.53,21.538563284657723,24.477105012768888
9.54,21.30647482216243,24.03677699493054
9.55,21.640726874675703,24.27172540873465
9.56,21.66144365753921,23.778778751845348
9.57,21.782972783314637,24.753424859995743
9.58,22.13511899932594,24.436376131977717
9.59,22.12623683204304,23.8210815068853
9.6,22.053762378016604,23.476786304563944
9.61,22.27675846571905,23.3329923372235
9.62,21.973456217768234,23.825499766575344
9.63,21.848043823222394,23.376846530933953
9.64,21.943198136267895,23.20852428607328
9.65,22.144549141696096,23.521842211687893
9.66,22.108956590149614,23.372069575923216
9.67,22.30339924750741,24.83309509909009
9.68,22.820518988895245,25.659580270161086
9.69,23.33471758436336,26.26180378739599
9.7,23.40804552280784,26.310077470505306
9.71,23.494294953971593,26.32089015305471
9.72,23.36206298054249,25.820310871896783
9.73,23.395754492130617,26.889297146760033
9.74,23.529122864662845,27.823556959116498
9.75,23.661490358126287,29.227506096027806
9.76,23.592183121617722,29.344460846473506
9.77,23.64624497053264,27.700212299727415
9.78,23.998941966505427,28.469740060886732
9.79,24.26354874091803,27.392480756408805
9.8,24.20107350452198,27.73076771237517
9.81,23.937830129621428,28.327156948254007
9.82,23.940389905769045,28.931814246558908
9.83,23.96338068844312,29.673122539003586
9.84,23.735604249258863,114.9801781222462
9.85,23.69003526091509,114.9526311450607
9.86,23.880262784579344,31.174331086714467
9.87,23.968805695565987,115.04744462681279
9.88,24.05520430091318,32.64465906711561
9.89,24.43505747274132,114.18648064775105
9.9,24.61879838288176,114.27812694104631
9.91,24.618694458992387,31.402268591707124
9.92,24.09676682269504,114.64069505920878
9.93,23.956162822431324,30.87695872097547
9.94,23.690501356302182,30.15246403519391
9.95,23.284970814744803,29.927479407524974
9.96,22.97389415102861,30.562657332001514
9.97,23.299271827877327,30.697362384268697
9.98,23.01590138850236,30.57414257858516
9.99,22.917474436954198,30.04318324273912
10.0,22.7734293653341,31.295431919930117
10.01,22.620882120243518,29.058566810715803
10.02,22.7209821084232,29.407703476035497
10.03,22.47841435674054,28.871938329604685
10.04,22.467577567793892,29.495136972328964
10.05,22.363758787679075,28.544342561668525
10.06,22.053823058018587,28.646555171569137
10.07,21.982389599280562,28.907156009970073
10.08,22.055599893525038,29.167834958340524
10.09,22.134588007024146,29.18029074522688
10.1,21.70217269406043,27.72226505744153
10.11,21.23965780583679,26.752749786804667
10.12,20.604035623740494,26.688913736148418
10.13,20.433326041507133,26.29936004636676
10.14,20.44778253449509,26.491568049170237
10.15,20.2516001119894,26.76301122273591
10.16,20.21288951910203,27.521773773873235
10.17,20.0719544253689,26.23816528154487
10.18,20.126543095539372,26.76689259684341
10.19,20.268029162539005,27.92967258068535
10.2,20.00117555598704,27.95176978948888
10.21,19.8711042460177,27.989353184134846
10.22,19.81968400962453,27.970783061419457
10.23,20.06432082478458,28.00949374352423
10.24,20.487945211894775,28.161954902894312
10.25,20.559248823807536,28.33610000809969
10.26,20.76631879111884,29.087569506589595
10.27,20.605780954387267,28.07121476453081
10.28,20.706746280906962,27.550465576939043
10.29,20.76023184328117,27.674559208687675
10.3,20.7184569658994,27.60776255235572
10.31,21.011359292234975,28.3369283843987
10.32,21.11826061961381,28.580091403157436
10.33,20.84615918318,28.50740061036126
10.34,21.057438360566422,28.190502067792252
10.35,20.978383526963327,28.135387168953987
10.36,21.26937007129719,29.65672156111378
10.37,21.560254087549747,29.70306899185191
10.38,21.54379090679314,29.74618437322092
10.39,21.182201419923363,28.97446850767529
10.4,21.42051377464072,28.681801428174808
10.41,21.25237217696379,27.920854723148526
10.42,20.74446155353306,29.21042561564921
10.43,20.85100810915469,28.40745179562449
10.44,20.91184446373897,28.40294193620434
10.45,20.81302085371317,28.203923029475423
10.46,20.074944146215792,26.56069108803048
10.47,19.737740873766967,26.05959115347911
10.48,19.41930344009161,26.144723474244458
10.49,19.748951204230366,25.8099089269085
10.5,20.037576455294083,26.028566123706593
10.51,20.57541592166377,26.894287495803948
10.52,20.499288486610908,25.89753188771123
10.53,20.961123585941532,25.468548897177794
10.54,21.170638705618533,26.560862421612217
10.55,21.41974634424537,26.217702452745506
10.56,21.68997546669336,25.97372796424003
10.57,21.51710267609224,26.354762742228537
10.58,21.357192169656663,27.12251968201693
10.59,21.501547928198253,26.16804493697509
10.6,21.54606181205776,26.070989775882516
10.61,21.71498203591541,25.94130625923982
10.62,21.724995234750438,25.672637492564917
10.63,21.694994052296618,25.178960302196845
10.64,21.761796698768002,25.589735701785
10.65,21.70990223753101,25.65689268862277
10.66,21.395979142412106,25.987889456928638
10.67,21.535740453023916,26.676322711972617
10.68,21.278520950722523,27.228221947192434
10.69,21.28964272794546,27.69828742632057
10.7,21.152478737337372,27.517228257403268
10.71,21.50010648704586,27.32027701051444
10.72,21.394119501891986,27.55673103196405
10.73,21.108028496617564,27.668857528675247
10.74,21.141022839157074,26.612908560058784
10.75,21.43142272186549,25.976899404294702
10.76,21.23989825361699,25.83176135520711
10.77,21.34703849436747,26.521222320123545
10.78,21.12277026807953,26.738840296338346
10.79,21.50756666438443,26.728461079436556
10.8,21.495253788371862,27.44993984934902
10.81,21.674233395739964,27.64554324428277
10.82,21.91684162079316,27.827449756744972
10.83,22.04693541139808,27.094104024881332
10.84,22.012405573236876,27.706070971812416
10.85,22.029680374705002,27.426031401706194
10.86,22.273242893941674,27.756185199285163
10.87,22.350724074400283,27.809166628573323
10.88,22.849529642185846,27.73038007621542
10.89,23.06417025734355,28.243759885801403
10.9,23.40069186416972,28.729641045406822
10.91,24.03196808129571,28.361320640076833
10.92,24.286407138018305,29.320655007519868
10.93,24.548022273618503,29.411853749811595
10.94,24.357991081901886,29.065881906029816
10.95,24.237017762849206,29.44490660017315
10.96,23.92880546356692,29.389528378556477
10.97,23.454132939444015,28.78157360049624
10.98,23.245537034267542,26.690080187907427
10.99,23.307633279048694,26.754392430919225
11.0,22.763221253520502,26.823286842463208
11.01,22.51932793142571,27.009312120388877
11.02,22.29823794394745,26.839541856456094
11.03,22.01958336644085,26.584906637220115
11.04,22.24765770770705,26.850834096604654
11.05,22.545870822980177,26.857805393728945
11.06,22.483320210259027,27.530465459700903
11.07,22.847207946355745,27.974836533355738
11.08,23.249631626332775,29.29958995987457
11.09,23.3018387579147,29.800598341494776
11.1,23.29100817005482,29.415636172871036
11.11,23.118588718086684,30.243368385298893
11.12,23.129863307628888,29.255050271756417
11.13,23.237499137218155,32.2473105857437
11.14,23.239611576743382,32.04030358352854
11.15,22.798743715134602,30.602878551561467
11.16,22.428984281780387,30.934353348324212
11.17,22.23311790653471,30.1749234887296
11.18,22.48456347020316,29.989570330042454
11.19,22.43695521462868,29.997488297042256
11.2,22.725021360552407,30.449229204236335
11.21,22.967063857969766,30.74378650697591
11.22,23.00640876279121,31.779677496636186
11.23,22.749894269367253,30.362739844556355
11.24,22.374182586952955,30.280215554900305
11.25,22.129656748353323,31.230319539774268
11.26,22.51349165368972,31.55293952557141
11.27,22.6422527267328,31.05402450279126
11.28,22.90457713996658,31.55789722742826
11.29,22.970054661121495,30.558157755915136
11.3,22.855536400494508,30.165894349748783
11.31,22.785497656514067,29.867437371897932
11.32,22.758891432097723,28.89894448299292
11.33,22.606758875551865,29.470630953435673
11.34,22.606735262989798,29.1396359324999
11.35,22.46893643533606,29.22614924037384
11.36,22.239278442142105,29.902893365106074
11.37,22.16150134182533,28.645527148197026
11.38,22.230075562532733,29.27944229672977
11.39,22.082188747981483,28.987622035719003
11.4,22.01618461916577,28.97801918749453
11.41,21.95572265049651,28.6769293412176
11.42,21.876493180418617,28.44827235154391
11.43,21.653195602262794,28.648129162029814
11.44,21.552545478242507,29.203533729891422
11.45,21.345440286769172,29.24015270392193
11.46,20.91589237682252,29.76713757432956
11.47,20.670647068190142,29.97623355226184
11.48,20.67477331934136,30.872520772642606
11.49,20.775791953521917,30.983424306469573
11.5,20.81794424175274,32.037677517094735
11.51,20.688678351671353,32.1413361172642
11.52,21.099923661470445,32.22621517125479
11.53,20.847617780877666,32.394961294176916
11.54,20.88004495286987,32.081178351538874
11.55,20.561192941812156,32.70995978003573
11.56,20.49277943034943,33.259858603663105
11.57,20.53547089471098,32.36820280346345
11.58,20.092290689195387,32.95189784677012
11.59,20.164206575438733,32.29775173286623
11.6,20.296724588914362,32.408744488690374
11.61,20.679629699672937,32.508793372070635
11.62,20.860312076308123,33.41772786105482
11.63,20.938960236545665,33.526263927037874
11.64,21.127385682926704,32.95337889307236
11.65,20.692761880026968,32.037183319902105
11.66,20.73914718023423,33.05057268548674
11.67,20.224313360900886,31.927335193564076
11.68,20.384717286317535,32.484701403664424
11.69,20.15288111733997,31.666638011225455
11.7,20.105459689299792,32.64750269381628
11.71,19.698539517867857,32.11268579759924
11.72,19.619290349161233,31.927371594538787
11.73,19.811124004095248,31.76085862285313
11.74,19.565919492438162,31.697232173797143
11.75,19.547648921776844,31.241944427848527
11.76,19.4737044832723,31.763243819511533
11.77,19.52432704049842,31.087967828251234
11.78,19.499480973220475,30.98842652360617
11.79,19.14575455882591,29.74407242924704
11.8,19.14912204154042,29.51931395913459
11.81,18.92241904899763,29.10629730305753
11.82,19.158631730136634,29.19970979765481
11.83,19.04255317085972,29.818887677483037
11.84,18.684670529146736,29.61439246071086
11.85,18.836692772996393,29.50131015448201
11.86,18.833152499858695,29.703918207960438
11.87,19.076757999362446,30.894533449066067
11.88,19.099954267913272,30.534826171681228
11.89,19.33377302394873,30.761296097058533
11.9,19.506983751219998,31.156855918013008
11.91,19.363248122727665,30.10123393619231
11.92,19.461549593886154,29.55482176557413
11.93,19.44217738112935,31.393621168174423
11.94,19.501257152614652,31.560593006333594
11.95,19.7335852188508,31.764130582867402
11.96,19.630210941519067,30.311555089018906
11.97,19.290625645370074,29.01737809020235
11.98,18.917695002199974,29.530700363889224
11.99,18.886596528945336,29.28838869000909
12.0,19.04588055186501,29.845157058239558
12.01,18.904584844296842,29.306500802652184
12.02,18.602572670902315,30.061825048614903
12.03,18.728141366127556,29.636543349337863
12.04,18.63400638803468,29.747687091383504
12.05,18.73025209154393,30.07334509118841
12.06,18.658242275176665,29.107401651833133
12.07,18.443099597618456,29.019351510919034
12.08,18.373327177592657,28.20827335758617
12.09,18.2991802226605,28.083289131646843
12.1,18.85659722772831,29.283121301462163
12.11,18.698074930005106,29.461230957816895
12.12,18.707747007732475,28.965852328832167
12.13,19.092424180666466,29.470536680829902
12.14,19.430079692356028,29.687310968060178
12.15,19.582497137251664,29.407159683725897
12.16,19.836418937791677,30.916655979250592
12.17,20.144748455006273,31.40733966427064
12.18,20.238536530256155,31.9165565058308
12.19,20.519099306748398,31.61924136645963
12.2,20.741472715885706,33.05488336698646
12.21,20.67142813852542,29.885367520611748
12.22,20.642708758223353,30.28886033816679
12.23,20.626792612542033,30.201711111393593
12.24,21.087632662501658,29.93568079813264
12.25,20.693302875057203,29.5366606806934
12.26,20.78317727777305,30.305426548630223
12.27,20.953733172556614,30.75213082080261
12.28,20.872064822275295,30.86798708037113
12.29,21.10587018286971,30.36361832270303
12.3,21.317842252209903,30.401738500129465
12.31,21.14419720634351,30.900829865360134
12.32,20.915845732329043,30.74782379478359
12.33,20.741578630890864,29.36374287495395
12.34,20.710888985883678,29.87701087363755
12.35,20.848714875954954,29.890884967835497
12.36,20.716764680756434,30.13840592257361
12.37,20.893621446197805,30.529477992878157
12.38,21.243229961044037,30.477709062200336
12.39,21.428788730707137,31.168083475722156
12.4,21.39241899289333,32.315533601124386
12.41,21.376108797299096,33.42773628538041
12.42,20.95900346666556,32.68924844797944
12.43,20.623850490602727,32.659824079432674
12.44,20.18167144455453,32.69914472028437
12.45,19.451190513569617,33.052589918069245
12.46,19.17040121490959,32.036874187920986
12.47,19.47763158921086,32.96782542937544
12.48,19.59455331637232,32.180289959793534
12.49,19.62608146248487,32.58710625343755
12.5,19.481621620757355,32.55330955561242
12.51,19.708118949360586,33.058215879903365
12.52,20.025720879622078,32.48524455207372
12.53,20.109284069020532,33.40591863485412
12.54,20.397562005454475,33.26468893543954
12.55,20.6783690798666,33.34649663560962
12.56,20.789781786889197,33.72557509664742
12.57,20.62761975802274,33.90641007733876
12.58,20.519025687142836,33.69034735949003
12.59,20.3767599016899,33.595364092982145
12.6,20.137292262398024,33.211066095904336
12.61,19.896768656475622,32.132230084328135
12.62,19.74355265287816,32.476047688112764
12.63,19.698389441414204,32.78487354087356
12.64,20.083607594618876,33.485207073188924
12.65,20.235622455435983,32.31366688283082
12.66,20.499987912524155,33.062023066204226
12.67,20.915765237820725,33.19995689633609
12.68,21.10086116703714,32.26439248800601
12.69,21.46457448865427,33.57396187698432
12.7,21.889992664906043,33.47715711073815
12.71,22.26286602707225,33.53739315315895
12.72,22.56095380623935,33.78739736631989
12.73,22.572591065917706,33.80707749606847
12.74,22.886267844973705,34.07650184802948
12.75,22.895742839956796,33.81021875146398
12.76,22.85174219052861,33.63842909325275
12.77,23.357980118579576,34.01588211074248
12.78,23.52402058052599,33.00174202380019
12.79,23.63568963811688,33.26520689709024
12.8,23.84339624069299,33.35891011087937
12.81,24.306728164758784,32.652490945953886
12.82,24.695341147641223,33.28482481227282
12.83,24.903095329010654,32.303569275181765
12.84,24.898574354196366,31.889124189430458
12.85,24.382915820352892,31.973526150399614
12.86,24.426004339566216,32.45511321324301
12.87,24.650350783540887,32.779941613086415
12.88,24.51464971029359,32.03410642094175
12.89,24.535503173445846,31.74465347883463
12.9,24.341094726407142,33.317877501121515
12.91,24.395746048283215,32.752169113839834
12.92,24.66465871566817,32.856440914224244
12.93,24.5907133809663,32.36990501924659
12.94,24.515316848113894,33.288524148637045
12.95,24.310966277344566,32.99789708451259
12.96,24.21740512175163,35.160232097621176
12.97,24.247614585732524,34.83972463170494
12.98,24.169410947645755,33.53619015643126
12.99,23.706792476538098,33.22916290741544
13.0,23.680728961999087,32.55204192451065
13.01,23.855421690639545,31.941676569442553
13.02,23.97009150638221,32.14070568091642
13.03,24.177677674494472,33.3586538705293
13.04,24.125674527885828,33.315647422255665
13.05,23.9250854552393,31.519202496632314
13.06,23.965399754889486,32.28115070803325
13.07,23.966951796418066,32.219027667533176
13.08,23.99207717829563,31.190597282906964
13.09,23.4330801434652,30.935536745542915
13.1,23.285905749372695,30.98942900410833
13.11,23.39667187050827,32.48445451999478
13.12,23.871077008368815,32.32805915139267
13.13,23.686671440382842,32.193321981572986
13.14,23.82135760769239,32.69926225127047
13.15,23.761137212501716,32.77267392379594
13.16,24.009852134529623,32.18782024739432
13.17,24.106316958924328,32.29313646521295
13.18,24.272678568258915,31.120763657464348
13.19,24.39056816454512,30.0936051403481
13.2,24.231915295927646,31.582233263603666
13.21,24.33000159303074,31.630044401132245
13.22,24.413651776032633,30.79696491661048
13.23,24.17615072506625,31.50174249880726
13.24,23.886045615607276,30.597542620513345
13.25,23.76339101825841,30.268249489553078
13.26,23.691197980257982,31.27813210681231
13.27,23.650310791275462,31.1089177001045
13.28,23.658127671520067,31.627364701603817
13.29,23.62884863202255,31.43741778572163
13.3,23.310431849021324,31.25140891515124
13.31,23.285433401053478,31.598330688235787
13.32,23.052828477560332,32.14387788998252
13.33,22.772631941183917,31.687169117265356
13.34,22.794190217644328,31.74434310664188
13.35,22.5428683905031,32.26390609512733
13.36,22.29920726774648,32.398694024158516
13.37,22.05317886748081,30.96847192626483
13.38,22.120245083310394,30.92446471239111
13.39,22.248637708451394,30.690446768575114
13.4,22.091468919855018,31.96882527812223
13.41,22.28983826980656,31.091580112979642
13.42,22.446142760068273,30.645707558424075
13.43,22.801335530260815,30.81721234441925
13.44,23.160951467621217,30.913388673136343
13.45,23.500948605832107,29.62071060860686
13.46,23.32144735376711,28.884932340975094
13.47,23.423928552692157,28.55839680973345
13.48,23.687678565333037,28.922240535300308
13.49,24.10114513115563,28.881058927289583
13.5,24.347874583350922,28.697556410327593
13.51,24.189976088053687,28.605221436901033
13.52,24.007662986228443,29.64717129768694
13.53,23.455201141897284,28.198200744035287
13.54,23.754031684599248,27.698065523209006
13.55,23.9190122724346,27.662447467439772
13.56,24.313209275727292,27.778581252336657
13.57,24.371567585269727,27.595480628954835
13.58,24.253133102269523,27.93407201037262
13.59,24.433800774255793,27.66372140383592
13.6,24.404941422054584,27.44087568231592
13.61,24.236161373239298,27.616979150141606
13.62,24.35894982011385,27.55028412763243
13.63,24.34899872195672,28.145316467138485
13.64,24.536227865949346,28.12595592754159
13.65,24.448503472105962,27.853857232586353
13.66,24.263675071927068,28.148064388053
13.67,23.893926820997084,27.197940287800208
13.68,23.8550077365086,27.048952546087815
13.69,24.018722611861232,26.97239415285089
13.7,24.132487524069745,28.513127095599234
13.71,23.942754923209783,27.631165776259717
13.72,23.87124302022401,27.765908164255563
13.73,23.973050376868926,28.789426836495288
13.74,23.717092482001686,27.789922487860828
13.75,23.40645386491426,28.144242019591736
13.76,23.26155935183644,28.233170933848474
13.77,23.118973821100422,27.49874108481201
13.78,23.109695499419207,27.93442842320313
13.79,23.118328101605883,27.371317828435625
13.8,22.806261768111604,27.25284089213728
13.81,22.33955808060488,26.677997203554376
13.82,22.754102592661777,26.352546019358773
13.83,22.706850414024466,26.921336780024696
13.84,23.03341305148855,26.780132468278726
13.85,23.256234251004276,26.928003767073378
13.86,23.343706230993064,26.486681131425552
13.87,23.319363051985306,26.591487940326267
13.88,23.48100814377177,26.937017802780005
13.89,23.551845994306532,26.9544691388966
13.9,23.635398080537207,27.669392216233465
13.91,24.074990265784102,28.812143590317735
13.92,24.55036616623943,27.653063445717905
13.93,25.008820867119674,28.472872961768683
13.94,25.064735313630944,28.836111696331365
13.95,25.07011092075366,28.269373938452656
13.96,25.079443414346713,28.264847204293158
13.97,24.86889099619924,26.937797181315684
13.98,24.544762705737625,27.445489967245866
13.99,24.979435525567474,27.3105337352661
14.0,25.07060043817988,27.960782487419614
14.01,25.024397508361567,26.802699611196054
14.02,25.151295402759814,26.953830073236396
14.03,25.159513744242908,27.246452513309414
14.04,25.526059896271796,27.566426867675816
14.05,25.629933896002083,27.31622946623501
